<ImportExportXml version="9.2.24032.204" SolutionPackageVersion="9.2" languagecode="1033" generatedBy="CrmLive" xmlns:xsi="http://www.w3.org/2001/XMLSchema-instance">
  <SolutionManifest>
    <UniqueName>SchoolMaintenanceMDA</UniqueName>
    <LocalizedNames>
      <LocalizedName description="School Maintenance" languagecode="1033" />
    </LocalizedNames>
    <Descriptions />
    <Version>1.0.0.2</Version>
    <Managed>0</Managed>
    <Publisher>
      <UniqueName>Precious</UniqueName>
      <LocalizedNames>
        <LocalizedName description="Uche Eze" languagecode="1033" />
      </LocalizedNames>
      <Descriptions>
        <Description description="Publisher for school maintenance solution" languagecode="1033" />
      </Descriptions>
      <EMailAddress xsi:nil="true"></EMailAddress>
      <SupportingWebsiteUrl xsi:nil="true"></SupportingWebsiteUrl>
      <CustomizationPrefix>sm</CustomizationPrefix>
      <CustomizationOptionValuePrefix>12650</CustomizationOptionValuePrefix>
      <Addresses>
        <Address>
          <AddressNumber>1</AddressNumber>
          <AddressTypeCode>1</AddressTypeCode>
          <City xsi:nil="true"></City>
          <County xsi:nil="true"></County>
          <Country xsi:nil="true"></Country>
          <Fax xsi:nil="true"></Fax>
          <FreightTermsCode xsi:nil="true"></FreightTermsCode>
          <ImportSequenceNumber xsi:nil="true"></ImportSequenceNumber>
          <Latitude xsi:nil="true"></Latitude>
          <Line1 xsi:nil="true"></Line1>
          <Line2 xsi:nil="true"></Line2>
          <Line3 xsi:nil="true"></Line3>
          <Longitude xsi:nil="true"></Longitude>
          <Name xsi:nil="true"></Name>
          <PostalCode xsi:nil="true"></PostalCode>
          <PostOfficeBox xsi:nil="true"></PostOfficeBox>
          <PrimaryContactName xsi:nil="true"></PrimaryContactName>
          <ShippingMethodCode>1</ShippingMethodCode>
          <StateOrProvince xsi:nil="true"></StateOrProvince>
          <Telephone1 xsi:nil="true"></Telephone1>
          <Telephone2 xsi:nil="true"></Telephone2>
          <Telephone3 xsi:nil="true"></Telephone3>
          <TimeZoneRuleVersionNumber xsi:nil="true"></TimeZoneRuleVersionNumber>
          <UPSZone xsi:nil="true"></UPSZone>
          <UTCOffset xsi:nil="true"></UTCOffset>
          <UTCConversionTimeZoneCode xsi:nil="true"></UTCConversionTimeZoneCode>
        </Address>
        <Address>
          <AddressNumber>2</AddressNumber>
          <AddressTypeCode>1</AddressTypeCode>
          <City xsi:nil="true"></City>
          <County xsi:nil="true"></County>
          <Country xsi:nil="true"></Country>
          <Fax xsi:nil="true"></Fax>
          <FreightTermsCode xsi:nil="true"></FreightTermsCode>
          <ImportSequenceNumber xsi:nil="true"></ImportSequenceNumber>
          <Latitude xsi:nil="true"></Latitude>
          <Line1 xsi:nil="true"></Line1>
          <Line2 xsi:nil="true"></Line2>
          <Line3 xsi:nil="true"></Line3>
          <Longitude xsi:nil="true"></Longitude>
          <Name xsi:nil="true"></Name>
          <PostalCode xsi:nil="true"></PostalCode>
          <PostOfficeBox xsi:nil="true"></PostOfficeBox>
          <PrimaryContactName xsi:nil="true"></PrimaryContactName>
          <ShippingMethodCode>1</ShippingMethodCode>
          <StateOrProvince xsi:nil="true"></StateOrProvince>
          <Telephone1 xsi:nil="true"></Telephone1>
          <Telephone2 xsi:nil="true"></Telephone2>
          <Telephone3 xsi:nil="true"></Telephone3>
          <TimeZoneRuleVersionNumber xsi:nil="true"></TimeZoneRuleVersionNumber>
          <UPSZone xsi:nil="true"></UPSZone>
          <UTCOffset xsi:nil="true"></UTCOffset>
          <UTCConversionTimeZoneCode xsi:nil="true"></UTCConversionTimeZoneCode>
        </Address>
      </Addresses>
    </Publisher>
    <RootComponents>
      <RootComponent type="1" schemaName="sm_location" behavior="0" />
      <RootComponent type="1" schemaName="sm_maintenance_logtable" behavior="0" />
      <RootComponent type="1" schemaName="sm_servicearea" behavior="0" />
      <RootComponent type="9" schemaName="registrationstatustype" behavior="0" />
      <RootComponent type="61" schemaName="sm_locationIcon" behavior="0" />
      <RootComponent type="61" schemaName="sm_locationIcon01" behavior="0" />
      <RootComponent type="61" schemaName="sm_locationIcon02" behavior="0" />
      <RootComponent type="61" schemaName="sm_LocationName" behavior="0" />
      <RootComponent type="61" schemaName="sm_locationPin" behavior="0" />
      <RootComponent type="61" schemaName="sm_logicon" behavior="0" />
      <RootComponent type="61" schemaName="sm_ServiceArea" behavior="0" />
      <RootComponent type="61" schemaName="sm_serviceicon" behavior="0" />
      <RootComponent type="61" schemaName="sm_services" behavior="0" />
      <RootComponent type="62" schemaName="sm_MainDemo" behavior="0" />
      <RootComponent type="62" schemaName="sm_SchoolMaintenanceApp" behavior="0" />
      <RootComponent type="80" schemaName="sm_SchoolMaintenanceApp" behavior="0" />
      <RootComponent type="431" schemaName="sm_location sm_locationimage" behavior="0" />
      <RootComponent type="431" schemaName="sm_maintenance_logtable sm_issueimage" behavior="0" />
      <RootComponent type="432" schemaName="sm_location" behavior="0" />
      <RootComponent type="432" schemaName="sm_maintenance_logtable" behavior="0" />
    </RootComponents>
    <MissingDependencies>
      <MissingDependency>
        <Required type="61" schemaName="msdyn_/Images/AppModule_Default_Icon.png" displayName="msdyn_/Images/AppModule_Default_Icon.png" solution="AppModuleWebResources (2.5)" />
        <Dependent type="80" schemaName="sm_SchoolMaintenanceApp" displayName="FusionLink School Maintenance App" />
      </MissingDependency>
      <MissingDependency>
        <Required type="9" schemaName="registrationstatustype" displayName="Resolved or Unresolved" solution="msdyn_RelevanceSearch (1.0.0.88)" />
        <Dependent type="9" schemaName="registrationstatustype" displayName="Resolved or Unresolved" />
      </MissingDependency>
      <MissingDependency>
        <Required type="SettingDefinition" displayName="AppChannel" solution="msdyn_AppFrameworkInfraExtensions (1.0.0.7)" id.uniquename="AppChannel" />
        <Dependent type="AppSetting" displayName="parentappmoduleid.uniquename=sm_SchoolMaintenanceApp,settingdefinitionid.uniquename=AppChannel" id.parentappmoduleid.uniquename="sm_SchoolMaintenanceApp" id.settingdefinitionid.uniquename="AppChannel" />
      </MissingDependency>
    </MissingDependencies>
  </SolutionManifest>
</ImportExportXml>